Country,Total_Cases,
Afghanistan,"208,545",
Albania,"334,167",
Algeria,"271,378",
Andorra,"47,839",
Angola,"105,184",
Antigua and Barbuda,"9,106",
Argentina,"10,037,135",
Armenia,"446,008",
Australia,"11,295,446",
Austria,"5,780,229",
Azerbaijan,"827,944",
Bahamas,"37,491",
Bahrain,"700,452",
Bangladesh,"2,037,556",
Barbados,"106,157",
Belarus,"994,037",
Belgium,"4,691,499",
Belize,"70,660",
Benin,"27,989",
Bhutan,"62,605",
Bolivia,"1,187,986",
Bosnia and Herzegovina,"401,384",
Botswana,"329,227",
Brazil,"36,824,580",
Brunei,"275,220",
Bulgaria,"1,295,426",
Burkina Faso,"22,025",
Burundi,"53,492",
Cabo Verde,"63,229",
Cambodia,"138,693",
Cameroon,"123,993",
Canada,"4,550,256",
Central African Republic,"15,368",
Chad,"7,652",
Chile,"5,118,981",
China,"503,302",
Colombia,"6,356,309",
Comoros,"8,992",
Congo (Kinshasa),"25,375",
Costa Rica,"1,186,176",
Croatia,"1,267,580",
Cuba,"1,112,438",
Cyprus,"642,663",
Czechia,"4,590,019",
Denmark,"3,173,247",
Djibouti,"15,690",
Dominica,"15,760",
Dominican Republic,"660,095",
Ecuador,"1,051,239",
Egypt,"515,645",
El Salvador,"201,785",
Equatorial Guinea,"17,190",
Eritrea,"10,189",
Estonia,"613,891",
Eswatini,"74,133",
Ethiopia,"499,531",
Fiji,"68,820",
Finland,"1,458,619",
France,"39,524,311",
Gabon,"48,981",
Gambia,"12,586",
Georgia,"1,814,180",
Germany,"37,779,833",
Ghana,"171,112",
Greece,"5,708,301",
Grenada,"19,680",
Guatemala,"1,227,853",
Guinea,"38,240",
Guinea-Bissau,"8,947",
Guyana,"72,950",
Haiti,"34,076",
Honduras,"470,757",
Hong Kong,"2,877,280",
Hungary,"2,192,447",
Iceland,"208,688",
India,"44,682,784",
Indonesia,"6,730,289",
Iran,"7,564,350",
Iraq,"2,465,545",
Ireland,"1,700,253",
Israel,"4,786,189",
Italy,"25,453,789",
Jamaica,"153,407",
Japan,"32,588,442",
Jordan,"1,746,997",
Kazakhstan,"1,405,917",
Kenya,"342,810",
"Korea, South","30,197,066",30197066
Kuwait,"662,858",
Kyrgyzstan,"206,592",
Laos,"217,973",
Latvia,"975,355",
Lebanon,"1,228,639",
Lesotho,"34,790",
Liberia,"8,062",
Libya,"507,162",
Liechtenstein,"21,340",
Lithuania,"1,296,865",
Luxembourg,"297,757",
Madagascar,"67,827",
Malawi,"88,559",
Malaysia,"5,036,593",
Maldives,"185,715",
Mali,"32,783",
Malta,"117,062",
Mauritania,"63,665",
Mauritius,"41,652",
Mexico,"7,368,252",
Moldova,"598,673",
Monaco,"16,056",
Mongolia,"1,007,871",
Montenegro,"286,355",
Morocco,"1,272,240",
Mozambique,"231,994",
Namibia,"170,741",
Nepal,"1,001,102",
Netherlands,"8,582,500",
New Zealand,"2,182,355",
Nicaragua,"18,491",
Niger,"9,931",
Nigeria,"266,463",
North Macedonia,"346,428",
Norway,"1,477,856",
Oman,"399,449",
Pakistan,"1,576,313",
Panama,"1,029,701",
Papua New Guinea,"46,750",
Paraguay,"806,256",
Peru,"4,481,621",
Philippines,"4,073,454",
Poland,"6,380,225",
Portugal,"5,563,907",
Qatar,"492,534",
Romania,"3,325,006",
Russia,"21,958,696",
Rwanda,"133,090",
Saint Kitts and Nevis,"6,592",
Saint Lucia,"29,803",
San Marino,"23,427",
Sao Tome and Principe,"6,280",
Saudi Arabia,"827,962",
Senegal,"88,902",
Serbia,"2,471,198",
Seychelles,"50,665",
Sierra Leone,"7,760",
Singapore,"2,217,110",
Slovakia,"1,860,893",
Slovenia,"1,321,852",
Somalia,"27,318",
South Africa,"4,055,966",
South Sudan,"18,368",
Spain,"13,731,478",
Sri Lanka,"671,989",
Sudan,"63,742",
Suriname,"82,020",
Sweden,"2,693,458",
Switzerland,"4,385,701",
Syria,"57,453",
Taiwan,"9,569,611",
Tajikistan,"17,786",
Tanzania,"42,664",
Thailand,"4,726,984",
Timor-Leste,"23,415",
Togo,"39,354",
Trinidad and Tobago,"187,908",
Tunisia,"1,150,356",
Turkey,"17,042,722",
Uganda,"170,400",
Ukraine,"5,370,131",
United Arab Emirates,"1,049,409",
United Kingdom,"24,274,361",
Uruguay,"1,032,710",
United States of America,"104,196,861",
Uzbekistan,"250,567",
Venezuela,"551,587",
Vietnam,"11,526,508",
West Bank and Gaza,43945,
Western Sahara,10,
Yemen,"11,945",
Zambia,"340,763",
Zimbabwe,"261,606",
